{"cameraMode":{"drawMode":0,"name":"Shaded","section":"Shading Mode"},"sceneLighting":false,"audioPlay":false,"sceneViewState":{"m_AlwaysRefresh":false,"showFog":true,"showSkybox":false,"showFlares":true,"showImageEffects":true,"showParticleSystems":true,"showVisualEffectGraphs":true,"m_FxEnabled":true},"in2DMode":false,"pivot":{"x":-0.25172996520996096,"y":-1.7152628898620606,"z":-6.417533874511719},"rotation":{"x":0.39291778206825259,"y":0.0777074545621872,"z":-0.03330660238862038,"w":0.9157393574714661},"size":2.7375946044921877,"orthographic":false}